model_id,conflict_type_idx,bootstrap_idx,space,overlap_with_reference
Qwen/Qwen3.5-4B,1,0,raw,0.6146393587594423
Qwen/Qwen3.5-4B,1,0,label_residualized,0.49122734778640564
Qwen/Qwen3.5-4B,1,1,raw,0.5106209622287279
Qwen/Qwen3.5-4B,1,1,label_residualized,0.4962314531357115
Qwen/Qwen3.5-4B,1,2,raw,0.7872792877845555
Qwen/Qwen3.5-4B,1,2,label_residualized,0.5345723488861871
Qwen/Qwen3.5-4B,1,3,raw,0.27412848801167145
Qwen/Qwen3.5-4B,1,3,label_residualized,0.4788612034792533
Qwen/Qwen3.5-4B,1,4,raw,0.15344663708419615
Qwen/Qwen3.5-4B,1,4,label_residualized,0.0737716517679151
Qwen/Qwen3.5-4B,1,5,raw,0.7382536288762233
Qwen/Qwen3.5-4B,1,5,label_residualized,0.5202707470469825
Qwen/Qwen3.5-4B,1,6,raw,0.7365784096446732
Qwen/Qwen3.5-4B,1,6,label_residualized,0.9461746684352847
Qwen/Qwen3.5-4B,1,7,raw,0.7955134422962996
Qwen/Qwen3.5-4B,1,7,label_residualized,0.9534413850246068
Qwen/Qwen3.5-4B,1,8,raw,0.2603594831718253
Qwen/Qwen3.5-4B,1,8,label_residualized,0.4741092367175689
Qwen/Qwen3.5-4B,1,9,raw,0.8120657050761872
Qwen/Qwen3.5-4B,1,9,label_residualized,0.9617145566294871
Qwen/Qwen3.5-4B,1,10,raw,0.1312490135158411
Qwen/Qwen3.5-4B,1,10,label_residualized,0.04048198183832737
Qwen/Qwen3.5-4B,1,11,raw,0.7652280506412283
Qwen/Qwen3.5-4B,1,11,label_residualized,0.9430019949075311
Qwen/Qwen3.5-4B,1,12,raw,0.46965772978857334
Qwen/Qwen3.5-4B,1,12,label_residualized,0.49189989457508804
Qwen/Qwen3.5-4B,1,13,raw,0.5715113095031874
Qwen/Qwen3.5-4B,1,13,label_residualized,0.6097960364761459
Qwen/Qwen3.5-4B,1,14,raw,0.6991766943743711
Qwen/Qwen3.5-4B,1,14,label_residualized,0.5203241866427875
Qwen/Qwen3.5-4B,1,15,raw,0.5166647547523313
Qwen/Qwen3.5-4B,1,15,label_residualized,0.4959129347947277
Qwen/Qwen3.5-4B,1,16,raw,0.5515413385842444
Qwen/Qwen3.5-4B,1,16,label_residualized,0.6236504843332991
Qwen/Qwen3.5-4B,1,17,raw,0.7468001974730332
Qwen/Qwen3.5-4B,1,17,label_residualized,0.5280106551231413
Qwen/Qwen3.5-4B,1,18,raw,0.5454997959206784
Qwen/Qwen3.5-4B,1,18,label_residualized,0.5813324923871419
Qwen/Qwen3.5-4B,1,19,raw,0.17962326250493302
Qwen/Qwen3.5-4B,1,19,label_residualized,0.05120174915933317
Qwen/Qwen3.5-4B,2,0,raw,0.4905827627465999
Qwen/Qwen3.5-4B,2,0,label_residualized,0.5044189328429948
Qwen/Qwen3.5-4B,2,1,raw,0.271052365658868
Qwen/Qwen3.5-4B,2,1,label_residualized,0.29641763172090985
Qwen/Qwen3.5-4B,2,2,raw,0.512454749429382
Qwen/Qwen3.5-4B,2,2,label_residualized,0.8099132130654363
Qwen/Qwen3.5-4B,2,3,raw,0.7771842679122237
Qwen/Qwen3.5-4B,2,3,label_residualized,0.7844781131966448
Qwen/Qwen3.5-4B,2,4,raw,0.770253188931689
Qwen/Qwen3.5-4B,2,4,label_residualized,0.8365006941975939
Qwen/Qwen3.5-4B,2,5,raw,0.4741185542815675
Qwen/Qwen3.5-4B,2,5,label_residualized,0.37948124266504174
Qwen/Qwen3.5-4B,2,6,raw,0.34008629562022274
Qwen/Qwen3.5-4B,2,6,label_residualized,0.2134136309594136
Qwen/Qwen3.5-4B,2,7,raw,0.8263112219166104
Qwen/Qwen3.5-4B,2,7,label_residualized,0.8469400245572735
Qwen/Qwen3.5-4B,2,8,raw,0.865790749917313
Qwen/Qwen3.5-4B,2,8,label_residualized,0.9403137350150497
Qwen/Qwen3.5-4B,2,9,raw,0.4649142182826957
Qwen/Qwen3.5-4B,2,9,label_residualized,0.47785919417276607
Qwen/Qwen3.5-4B,2,10,raw,0.6329412275115288
Qwen/Qwen3.5-4B,2,10,label_residualized,0.5248473649848421
Qwen/Qwen3.5-4B,2,11,raw,0.4314816212920378
Qwen/Qwen3.5-4B,2,11,label_residualized,0.3988927142481147
Qwen/Qwen3.5-4B,2,12,raw,0.8507573971211191
Qwen/Qwen3.5-4B,2,12,label_residualized,0.8992940958246929
Qwen/Qwen3.5-4B,2,13,raw,0.3877545138909772
Qwen/Qwen3.5-4B,2,13,label_residualized,0.3952536438341669
Qwen/Qwen3.5-4B,2,14,raw,0.3191299755740553
Qwen/Qwen3.5-4B,2,14,label_residualized,0.4463940300751798
Qwen/Qwen3.5-4B,2,15,raw,0.824344526591515
Qwen/Qwen3.5-4B,2,15,label_residualized,0.8742787785929481
Qwen/Qwen3.5-4B,2,16,raw,0.43514292688058087
Qwen/Qwen3.5-4B,2,16,label_residualized,0.4006398583004569
Qwen/Qwen3.5-4B,2,17,raw,0.5139518516324109
Qwen/Qwen3.5-4B,2,17,label_residualized,0.5103847454820127
Qwen/Qwen3.5-4B,2,18,raw,0.8857160036298163
Qwen/Qwen3.5-4B,2,18,label_residualized,0.9689499594028005
Qwen/Qwen3.5-4B,2,19,raw,0.40807748231254315
Qwen/Qwen3.5-4B,2,19,label_residualized,0.32019800980265267
Qwen/Qwen3.5-4B,3,0,raw,0.8836806024442774
Qwen/Qwen3.5-4B,3,0,label_residualized,0.6749519167040801
Qwen/Qwen3.5-4B,3,1,raw,0.885602471268738
Qwen/Qwen3.5-4B,3,1,label_residualized,0.70521661964537
Qwen/Qwen3.5-4B,3,2,raw,0.7862816351621975
Qwen/Qwen3.5-4B,3,2,label_residualized,0.6154869458977753
Qwen/Qwen3.5-4B,3,3,raw,0.7109798412237043
Qwen/Qwen3.5-4B,3,3,label_residualized,0.5511797934607932
Qwen/Qwen3.5-4B,3,4,raw,0.8760554197491486
Qwen/Qwen3.5-4B,3,4,label_residualized,0.4619071696513265
Qwen/Qwen3.5-4B,3,5,raw,0.953039026927147
Qwen/Qwen3.5-4B,3,5,label_residualized,0.8685300084295003
Qwen/Qwen3.5-4B,3,6,raw,0.837538426986401
Qwen/Qwen3.5-4B,3,6,label_residualized,0.3849551437892132
Qwen/Qwen3.5-4B,3,7,raw,0.6403175262666293
Qwen/Qwen3.5-4B,3,7,label_residualized,0.4582142940150448
Qwen/Qwen3.5-4B,3,8,raw,0.7093548511856074
Qwen/Qwen3.5-4B,3,8,label_residualized,0.4879273604796988
Qwen/Qwen3.5-4B,3,9,raw,0.9388263328107502
Qwen/Qwen3.5-4B,3,9,label_residualized,0.48779247161280426
Qwen/Qwen3.5-4B,3,10,raw,0.9253141781503598
Qwen/Qwen3.5-4B,3,10,label_residualized,0.7498033807431361
Qwen/Qwen3.5-4B,3,11,raw,0.7600251595608641
Qwen/Qwen3.5-4B,3,11,label_residualized,0.38457986147206524
Qwen/Qwen3.5-4B,3,12,raw,0.8383744723431439
Qwen/Qwen3.5-4B,3,12,label_residualized,0.7748460641930759
Qwen/Qwen3.5-4B,3,13,raw,0.77536518394856
Qwen/Qwen3.5-4B,3,13,label_residualized,0.37396803553203495
Qwen/Qwen3.5-4B,3,14,raw,0.6737711228238895
Qwen/Qwen3.5-4B,3,14,label_residualized,0.3764295308453259
Qwen/Qwen3.5-4B,3,15,raw,0.7490435561144203
Qwen/Qwen3.5-4B,3,15,label_residualized,0.47304325801560304
Qwen/Qwen3.5-4B,3,16,raw,0.946633652332743
Qwen/Qwen3.5-4B,3,16,label_residualized,0.8205121586313889
Qwen/Qwen3.5-4B,3,17,raw,0.5737815722975347
Qwen/Qwen3.5-4B,3,17,label_residualized,0.4505848966436457
Qwen/Qwen3.5-4B,3,18,raw,0.8623570898243573
Qwen/Qwen3.5-4B,3,18,label_residualized,0.49676461583010517
Qwen/Qwen3.5-4B,3,19,raw,0.807917578610425
Qwen/Qwen3.5-4B,3,19,label_residualized,0.448211697981306
Qwen/Qwen3.5-4B,4,0,raw,0.8864947256033049
Qwen/Qwen3.5-4B,4,0,label_residualized,0.6445693898474536
Qwen/Qwen3.5-4B,4,1,raw,0.4761017601521667
Qwen/Qwen3.5-4B,4,1,label_residualized,0.5859325245567883
Qwen/Qwen3.5-4B,4,2,raw,0.7479327755941683
Qwen/Qwen3.5-4B,4,2,label_residualized,0.7116906852014029
Qwen/Qwen3.5-4B,4,3,raw,0.9074142765645619
Qwen/Qwen3.5-4B,4,3,label_residualized,0.6899529855922891
Qwen/Qwen3.5-4B,4,4,raw,0.8042111761091071
Qwen/Qwen3.5-4B,4,4,label_residualized,0.48936472307111245
Qwen/Qwen3.5-4B,4,5,raw,0.7179923502307397
Qwen/Qwen3.5-4B,4,5,label_residualized,0.3895529601297312
Qwen/Qwen3.5-4B,4,6,raw,0.5739652084267357
Qwen/Qwen3.5-4B,4,6,label_residualized,0.473758145740774
Qwen/Qwen3.5-4B,4,7,raw,0.8990303839508238
Qwen/Qwen3.5-4B,4,7,label_residualized,0.6974158937956196
Qwen/Qwen3.5-4B,4,8,raw,0.8718189885955618
Qwen/Qwen3.5-4B,4,8,label_residualized,0.6242601772761568
Qwen/Qwen3.5-4B,4,9,raw,0.8658709865369538
Qwen/Qwen3.5-4B,4,9,label_residualized,0.5728793349605933
Qwen/Qwen3.5-4B,4,10,raw,0.9014885646302604
Qwen/Qwen3.5-4B,4,10,label_residualized,0.7462089138596789
Qwen/Qwen3.5-4B,4,11,raw,0.7390872134714545
Qwen/Qwen3.5-4B,4,11,label_residualized,0.6491632234612985
Qwen/Qwen3.5-4B,4,12,raw,0.8913590662089368
Qwen/Qwen3.5-4B,4,12,label_residualized,0.6609178755862962
Qwen/Qwen3.5-4B,4,13,raw,0.7357021286028413
Qwen/Qwen3.5-4B,4,13,label_residualized,0.6234408028803445
Qwen/Qwen3.5-4B,4,14,raw,0.5448739094771067
Qwen/Qwen3.5-4B,4,14,label_residualized,0.5590073317799007
Qwen/Qwen3.5-4B,4,15,raw,0.6158093204865659
Qwen/Qwen3.5-4B,4,15,label_residualized,0.2916870617507574
Qwen/Qwen3.5-4B,4,16,raw,0.5753886131497763
Qwen/Qwen3.5-4B,4,16,label_residualized,0.3182142466547354
Qwen/Qwen3.5-4B,4,17,raw,0.7735725424823282
Qwen/Qwen3.5-4B,4,17,label_residualized,0.6051826050148592
Qwen/Qwen3.5-4B,4,18,raw,0.7748542265336724
Qwen/Qwen3.5-4B,4,18,label_residualized,0.5158668005639724
Qwen/Qwen3.5-4B,4,19,raw,0.7312047068321924
Qwen/Qwen3.5-4B,4,19,label_residualized,0.6652980249468265
Qwen/Qwen3.5-4B,5,0,raw,0.7648848431526654
Qwen/Qwen3.5-4B,5,0,label_residualized,0.7068758403434295
Qwen/Qwen3.5-4B,5,1,raw,0.8342407842225584
Qwen/Qwen3.5-4B,5,1,label_residualized,0.5924254898977429
Qwen/Qwen3.5-4B,5,2,raw,0.6706278507253504
Qwen/Qwen3.5-4B,5,2,label_residualized,0.46521407079880606
Qwen/Qwen3.5-4B,5,3,raw,0.7736984505980316
Qwen/Qwen3.5-4B,5,3,label_residualized,0.7949816851251067
Qwen/Qwen3.5-4B,5,4,raw,0.44720167172037406
Qwen/Qwen3.5-4B,5,4,label_residualized,0.4625954547363549
Qwen/Qwen3.5-4B,5,5,raw,0.42118719411565925
Qwen/Qwen3.5-4B,5,5,label_residualized,0.3649829635785349
Qwen/Qwen3.5-4B,5,6,raw,0.7760723107145284
Qwen/Qwen3.5-4B,5,6,label_residualized,0.6481422917917814
Qwen/Qwen3.5-4B,5,7,raw,0.8589636273279915
Qwen/Qwen3.5-4B,5,7,label_residualized,0.7556262483697489
Qwen/Qwen3.5-4B,5,8,raw,0.7484446552743406
Qwen/Qwen3.5-4B,5,8,label_residualized,0.5923086013441273
Qwen/Qwen3.5-4B,5,9,raw,0.6523128267488214
Qwen/Qwen3.5-4B,5,9,label_residualized,0.48668909856943543
Qwen/Qwen3.5-4B,5,10,raw,0.3542101008248629
Qwen/Qwen3.5-4B,5,10,label_residualized,0.4836870149846738
Qwen/Qwen3.5-4B,5,11,raw,0.35516086807027375
Qwen/Qwen3.5-4B,5,11,label_residualized,0.3217316698523527
Qwen/Qwen3.5-4B,5,12,raw,0.5030845027988289
Qwen/Qwen3.5-4B,5,12,label_residualized,0.308115442676214
Qwen/Qwen3.5-4B,5,13,raw,0.4659263449853508
Qwen/Qwen3.5-4B,5,13,label_residualized,0.24160437010100652
Qwen/Qwen3.5-4B,5,14,raw,0.3701180702396039
Qwen/Qwen3.5-4B,5,14,label_residualized,0.24962306352330532
Qwen/Qwen3.5-4B,5,15,raw,0.7391546144945793
Qwen/Qwen3.5-4B,5,15,label_residualized,0.691289583839185
Qwen/Qwen3.5-4B,5,16,raw,0.47926677717140026
Qwen/Qwen3.5-4B,5,16,label_residualized,0.4598228463509261
Qwen/Qwen3.5-4B,5,17,raw,0.7551668567618445
Qwen/Qwen3.5-4B,5,17,label_residualized,0.6220596334120323
Qwen/Qwen3.5-4B,5,18,raw,0.4836341347425871
Qwen/Qwen3.5-4B,5,18,label_residualized,0.40737823713250687
Qwen/Qwen3.5-4B,5,19,raw,0.6953524182502273
Qwen/Qwen3.5-4B,5,19,label_residualized,0.5417265264185355
Qwen/Qwen3.5-4B,6,0,raw,0.932114650205925
Qwen/Qwen3.5-4B,6,0,label_residualized,0.8888763470631282
Qwen/Qwen3.5-4B,6,1,raw,0.9290917918759156
Qwen/Qwen3.5-4B,6,1,label_residualized,0.9534619948509551
Qwen/Qwen3.5-4B,6,2,raw,0.9499980291361148
Qwen/Qwen3.5-4B,6,2,label_residualized,0.9542396429403355
Qwen/Qwen3.5-4B,6,3,raw,0.7214385908839906
Qwen/Qwen3.5-4B,6,3,label_residualized,0.8484398019870105
Qwen/Qwen3.5-4B,6,4,raw,0.9387255124307405
Qwen/Qwen3.5-4B,6,4,label_residualized,0.8359444155836699
Qwen/Qwen3.5-4B,6,5,raw,0.9451250526717814
Qwen/Qwen3.5-4B,6,5,label_residualized,0.8977298478955347
Qwen/Qwen3.5-4B,6,6,raw,0.8418074186961382
Qwen/Qwen3.5-4B,6,6,label_residualized,0.8170387422108067
Qwen/Qwen3.5-4B,6,7,raw,0.8248389921322925
Qwen/Qwen3.5-4B,6,7,label_residualized,0.7381047309336644
Qwen/Qwen3.5-4B,6,8,raw,0.6189107954768283
Qwen/Qwen3.5-4B,6,8,label_residualized,0.5851500986280409
Qwen/Qwen3.5-4B,6,9,raw,0.8802893563325926
Qwen/Qwen3.5-4B,6,9,label_residualized,0.8200830287001332
Qwen/Qwen3.5-4B,6,10,raw,0.9502280302485644
Qwen/Qwen3.5-4B,6,10,label_residualized,0.9362133125622807
Qwen/Qwen3.5-4B,6,11,raw,0.8296059114148815
Qwen/Qwen3.5-4B,6,11,label_residualized,0.696170927723343
Qwen/Qwen3.5-4B,6,12,raw,0.4542685657515232
Qwen/Qwen3.5-4B,6,12,label_residualized,0.6661722311000133
Qwen/Qwen3.5-4B,6,13,raw,0.8975583879553966
Qwen/Qwen3.5-4B,6,13,label_residualized,0.8813423243351273
Qwen/Qwen3.5-4B,6,14,raw,0.8925409939492078
Qwen/Qwen3.5-4B,6,14,label_residualized,0.9118734505721974
Qwen/Qwen3.5-4B,6,15,raw,0.881970053463007
Qwen/Qwen3.5-4B,6,15,label_residualized,0.8747405208103929
Qwen/Qwen3.5-4B,6,16,raw,0.8481824790979338
Qwen/Qwen3.5-4B,6,16,label_residualized,0.8006061478886718
Qwen/Qwen3.5-4B,6,17,raw,0.8879117792227385
Qwen/Qwen3.5-4B,6,17,label_residualized,0.8222156872675134
Qwen/Qwen3.5-4B,6,18,raw,0.8480386878513233
Qwen/Qwen3.5-4B,6,18,label_residualized,0.856990562111297
Qwen/Qwen3.5-4B,6,19,raw,0.9555497988032535
Qwen/Qwen3.5-4B,6,19,label_residualized,0.9232433044255749
Qwen/Qwen3.5-4B,7,0,raw,0.8089324079830391
Qwen/Qwen3.5-4B,7,0,label_residualized,0.8631201022345922
Qwen/Qwen3.5-4B,7,1,raw,0.8776904966371673
Qwen/Qwen3.5-4B,7,1,label_residualized,0.8789768628200315
Qwen/Qwen3.5-4B,7,2,raw,0.9271916919341431
Qwen/Qwen3.5-4B,7,2,label_residualized,0.9446583797684436
Qwen/Qwen3.5-4B,7,3,raw,0.6623115972346914
Qwen/Qwen3.5-4B,7,3,label_residualized,0.6755867655929971
Qwen/Qwen3.5-4B,7,4,raw,0.9270111011197548
Qwen/Qwen3.5-4B,7,4,label_residualized,0.9320504220639154
Qwen/Qwen3.5-4B,7,5,raw,0.8887505528160442
Qwen/Qwen3.5-4B,7,5,label_residualized,0.8976163947535634
Qwen/Qwen3.5-4B,7,6,raw,0.9050621585769292
Qwen/Qwen3.5-4B,7,6,label_residualized,0.922943394538002
Qwen/Qwen3.5-4B,7,7,raw,0.6873029289240459
Qwen/Qwen3.5-4B,7,7,label_residualized,0.6892349560770104
Qwen/Qwen3.5-4B,7,8,raw,0.6216711199397829
Qwen/Qwen3.5-4B,7,8,label_residualized,0.6963174384351424
Qwen/Qwen3.5-4B,7,9,raw,0.8819505506225391
Qwen/Qwen3.5-4B,7,9,label_residualized,0.8894499229780919
Qwen/Qwen3.5-4B,7,10,raw,0.9478976068954232
Qwen/Qwen3.5-4B,7,10,label_residualized,0.9532588203209694
Qwen/Qwen3.5-4B,7,11,raw,0.9361268944959202
Qwen/Qwen3.5-4B,7,11,label_residualized,0.9349792207943612
Qwen/Qwen3.5-4B,7,12,raw,0.9457481631198204
Qwen/Qwen3.5-4B,7,12,label_residualized,0.9469388776013461
Qwen/Qwen3.5-4B,7,13,raw,0.872819256640301
Qwen/Qwen3.5-4B,7,13,label_residualized,0.8900188941320958
Qwen/Qwen3.5-4B,7,14,raw,0.6239469726114198
Qwen/Qwen3.5-4B,7,14,label_residualized,0.6467925316770848
Qwen/Qwen3.5-4B,7,15,raw,0.5474558962736966
Qwen/Qwen3.5-4B,7,15,label_residualized,0.5633549741241468
Qwen/Qwen3.5-4B,7,16,raw,0.8363089189391444
Qwen/Qwen3.5-4B,7,16,label_residualized,0.827837529711043
Qwen/Qwen3.5-4B,7,17,raw,0.603361308561376
Qwen/Qwen3.5-4B,7,17,label_residualized,0.6208512491944085
Qwen/Qwen3.5-4B,7,18,raw,0.8795742681747493
Qwen/Qwen3.5-4B,7,18,label_residualized,0.8801275143157925
Qwen/Qwen3.5-4B,7,19,raw,0.9116371152663305
Qwen/Qwen3.5-4B,7,19,label_residualized,0.9394650130510183
Qwen/Qwen3.5-4B,8,0,raw,0.4046708261598145
Qwen/Qwen3.5-4B,8,0,label_residualized,0.37203008589571684
Qwen/Qwen3.5-4B,8,1,raw,0.5192002546934856
Qwen/Qwen3.5-4B,8,1,label_residualized,0.4337523434281041
Qwen/Qwen3.5-4B,8,2,raw,0.7785168624725453
Qwen/Qwen3.5-4B,8,2,label_residualized,0.7518480438341232
Qwen/Qwen3.5-4B,8,3,raw,0.8494801584104206
Qwen/Qwen3.5-4B,8,3,label_residualized,0.848855343835828
Qwen/Qwen3.5-4B,8,4,raw,0.8202653244508441
Qwen/Qwen3.5-4B,8,4,label_residualized,0.7231264984671439
Qwen/Qwen3.5-4B,8,5,raw,0.858073819250331
Qwen/Qwen3.5-4B,8,5,label_residualized,0.5644897517169757
Qwen/Qwen3.5-4B,8,6,raw,0.3241129091253759
Qwen/Qwen3.5-4B,8,6,label_residualized,0.328152818043388
Qwen/Qwen3.5-4B,8,7,raw,0.49331855190035545
Qwen/Qwen3.5-4B,8,7,label_residualized,0.4796536470592255
Qwen/Qwen3.5-4B,8,8,raw,0.7144002401354108
Qwen/Qwen3.5-4B,8,8,label_residualized,0.5887140150196333
Qwen/Qwen3.5-4B,8,9,raw,0.7922151998295015
Qwen/Qwen3.5-4B,8,9,label_residualized,0.7868590750131899
Qwen/Qwen3.5-4B,8,10,raw,0.42710869428707043
Qwen/Qwen3.5-4B,8,10,label_residualized,0.38122694909607374
Qwen/Qwen3.5-4B,8,11,raw,0.860447419183743
Qwen/Qwen3.5-4B,8,11,label_residualized,0.8214070373109879
Qwen/Qwen3.5-4B,8,12,raw,0.8314937775753231
Qwen/Qwen3.5-4B,8,12,label_residualized,0.7568469447039203
Qwen/Qwen3.5-4B,8,13,raw,0.4571911348775214
Qwen/Qwen3.5-4B,8,13,label_residualized,0.38052510305754955
Qwen/Qwen3.5-4B,8,14,raw,0.9883296894140103
Qwen/Qwen3.5-4B,8,14,label_residualized,0.9683293325624097
Qwen/Qwen3.5-4B,8,15,raw,0.8571637106113439
Qwen/Qwen3.5-4B,8,15,label_residualized,0.8677189965915454
Qwen/Qwen3.5-4B,8,16,raw,0.4020799393092162
Qwen/Qwen3.5-4B,8,16,label_residualized,0.33793885120656414
Qwen/Qwen3.5-4B,8,17,raw,0.693894263647842
Qwen/Qwen3.5-4B,8,17,label_residualized,0.5153246533980348
Qwen/Qwen3.5-4B,8,18,raw,0.8813481213623704
Qwen/Qwen3.5-4B,8,18,label_residualized,0.8481059997800542
Qwen/Qwen3.5-4B,8,19,raw,0.7825213670085227
Qwen/Qwen3.5-4B,8,19,label_residualized,0.7890931423123053
Qwen/Qwen3.5-4B,9,0,raw,0.5046869787425252
Qwen/Qwen3.5-4B,9,0,label_residualized,0.7064050883079527
Qwen/Qwen3.5-4B,9,1,raw,0.708958228577096
Qwen/Qwen3.5-4B,9,1,label_residualized,0.4586207346816916
Qwen/Qwen3.5-4B,9,2,raw,0.9124527820952233
Qwen/Qwen3.5-4B,9,2,label_residualized,0.8973240921227037
Qwen/Qwen3.5-4B,9,3,raw,0.7760324254390149
Qwen/Qwen3.5-4B,9,3,label_residualized,0.592849177004405
Qwen/Qwen3.5-4B,9,4,raw,0.6790853806435004
Qwen/Qwen3.5-4B,9,4,label_residualized,0.4100768125090182
Qwen/Qwen3.5-4B,9,5,raw,0.8519521471373184
Qwen/Qwen3.5-4B,9,5,label_residualized,0.8011819646609197
Qwen/Qwen3.5-4B,9,6,raw,0.6621303325561676
Qwen/Qwen3.5-4B,9,6,label_residualized,0.5139204047274605
Qwen/Qwen3.5-4B,9,7,raw,0.5830199184228732
Qwen/Qwen3.5-4B,9,7,label_residualized,0.6202170321139189
Qwen/Qwen3.5-4B,9,8,raw,0.6130665987129897
Qwen/Qwen3.5-4B,9,8,label_residualized,0.44523477363565034
Qwen/Qwen3.5-4B,9,9,raw,0.5035111750213769
Qwen/Qwen3.5-4B,9,9,label_residualized,0.39418859513514143
Qwen/Qwen3.5-4B,9,10,raw,0.7851130547814924
Qwen/Qwen3.5-4B,9,10,label_residualized,0.5816859527854433
Qwen/Qwen3.5-4B,9,11,raw,0.7076820022746039
Qwen/Qwen3.5-4B,9,11,label_residualized,0.4571270314736028
Qwen/Qwen3.5-4B,9,12,raw,0.44430480980893744
Qwen/Qwen3.5-4B,9,12,label_residualized,0.40947424613411204
Qwen/Qwen3.5-4B,9,13,raw,0.79259634205374
Qwen/Qwen3.5-4B,9,13,label_residualized,0.44856421246664246
Qwen/Qwen3.5-4B,9,14,raw,0.7103124115079051
Qwen/Qwen3.5-4B,9,14,label_residualized,0.45167254860658346
Qwen/Qwen3.5-4B,9,15,raw,0.533999074698819
Qwen/Qwen3.5-4B,9,15,label_residualized,0.4169770491855408
Qwen/Qwen3.5-4B,9,16,raw,0.7714395810970567
Qwen/Qwen3.5-4B,9,16,label_residualized,0.725441734818298
Qwen/Qwen3.5-4B,9,17,raw,0.5610473810710248
Qwen/Qwen3.5-4B,9,17,label_residualized,0.41051242046118736
Qwen/Qwen3.5-4B,9,18,raw,0.807826442648856
Qwen/Qwen3.5-4B,9,18,label_residualized,0.7599637707072913
Qwen/Qwen3.5-4B,9,19,raw,0.5184834473350833
Qwen/Qwen3.5-4B,9,19,label_residualized,0.4920003928371074
Qwen/Qwen3.5-9B,1,0,raw,0.8941903299990757
Qwen/Qwen3.5-9B,1,0,label_residualized,0.8936807460582286
Qwen/Qwen3.5-9B,1,1,raw,0.49975609392239956
Qwen/Qwen3.5-9B,1,1,label_residualized,0.5000883035848824
Qwen/Qwen3.5-9B,1,2,raw,0.4984275078691397
Qwen/Qwen3.5-9B,1,2,label_residualized,0.5021378070663455
Qwen/Qwen3.5-9B,1,3,raw,0.2983323035783694
Qwen/Qwen3.5-9B,1,3,label_residualized,0.2486521507037931
Qwen/Qwen3.5-9B,1,4,raw,0.027394779664299998
Qwen/Qwen3.5-9B,1,4,label_residualized,0.024702919075789035
Qwen/Qwen3.5-9B,1,5,raw,0.958288976015385
Qwen/Qwen3.5-9B,1,5,label_residualized,0.9623324299913004
Qwen/Qwen3.5-9B,1,6,raw,0.49730745526138953
Qwen/Qwen3.5-9B,1,6,label_residualized,0.5002202451387803
Qwen/Qwen3.5-9B,1,7,raw,0.496179991254704
Qwen/Qwen3.5-9B,1,7,label_residualized,0.49867573260955833
Qwen/Qwen3.5-9B,1,8,raw,0.35929141521675084
Qwen/Qwen3.5-9B,1,8,label_residualized,0.3592449172635298
Qwen/Qwen3.5-9B,1,9,raw,0.49706332108611234
Qwen/Qwen3.5-9B,1,9,label_residualized,0.49985277672061573
Qwen/Qwen3.5-9B,1,10,raw,0.34391502544636743
Qwen/Qwen3.5-9B,1,10,label_residualized,0.34879334527448236
Qwen/Qwen3.5-9B,1,11,raw,0.4971560204569615
Qwen/Qwen3.5-9B,1,11,label_residualized,0.4989759789762882
Qwen/Qwen3.5-9B,1,12,raw,0.5447093265878681
Qwen/Qwen3.5-9B,1,12,label_residualized,0.521068716042238
Qwen/Qwen3.5-9B,1,13,raw,0.48812489591412006
Qwen/Qwen3.5-9B,1,13,label_residualized,0.48170911167149344
Qwen/Qwen3.5-9B,1,14,raw,0.7386405551839912
Qwen/Qwen3.5-9B,1,14,label_residualized,0.7431450231555321
Qwen/Qwen3.5-9B,1,15,raw,0.5048122131634332
Qwen/Qwen3.5-9B,1,15,label_residualized,0.5043345380047622
Qwen/Qwen3.5-9B,1,16,raw,0.5002575327234702
Qwen/Qwen3.5-9B,1,16,label_residualized,0.4946249176050414
Qwen/Qwen3.5-9B,1,17,raw,0.49228142001905706
Qwen/Qwen3.5-9B,1,17,label_residualized,0.49603397621004763
Qwen/Qwen3.5-9B,1,18,raw,0.5060710199893802
Qwen/Qwen3.5-9B,1,18,label_residualized,0.5003632756853008
Qwen/Qwen3.5-9B,1,19,raw,0.48048800184490376
Qwen/Qwen3.5-9B,1,19,label_residualized,0.48381980118113965
Qwen/Qwen3.5-9B,2,0,raw,0.7969319678878678
Qwen/Qwen3.5-9B,2,0,label_residualized,0.5816285460470478
Qwen/Qwen3.5-9B,2,1,raw,0.43887352607962254
Qwen/Qwen3.5-9B,2,1,label_residualized,0.3343132905478857
Qwen/Qwen3.5-9B,2,2,raw,0.7956769992870731
Qwen/Qwen3.5-9B,2,2,label_residualized,0.9347527070779358
Qwen/Qwen3.5-9B,2,3,raw,0.40654538043906363
Qwen/Qwen3.5-9B,2,3,label_residualized,0.4095849053220511
Qwen/Qwen3.5-9B,2,4,raw,0.46205830826594757
Qwen/Qwen3.5-9B,2,4,label_residualized,0.8459896409657156
Qwen/Qwen3.5-9B,2,5,raw,0.4416865756512096
Qwen/Qwen3.5-9B,2,5,label_residualized,0.2710627148008221
Qwen/Qwen3.5-9B,2,6,raw,0.6209466647255835
Qwen/Qwen3.5-9B,2,6,label_residualized,0.4822409921912262
Qwen/Qwen3.5-9B,2,7,raw,0.7772697757457846
Qwen/Qwen3.5-9B,2,7,label_residualized,0.46866427294403296
Qwen/Qwen3.5-9B,2,8,raw,0.9001026660331062
Qwen/Qwen3.5-9B,2,8,label_residualized,0.7310965230690724
Qwen/Qwen3.5-9B,2,9,raw,0.5163304064445999
Qwen/Qwen3.5-9B,2,9,label_residualized,0.5404435063012307
Qwen/Qwen3.5-9B,2,10,raw,0.7148556168624357
Qwen/Qwen3.5-9B,2,10,label_residualized,0.6127272349241191
Qwen/Qwen3.5-9B,2,11,raw,0.5207051105132516
Qwen/Qwen3.5-9B,2,11,label_residualized,0.3856027050517181
Qwen/Qwen3.5-9B,2,12,raw,0.6830290602283919
Qwen/Qwen3.5-9B,2,12,label_residualized,0.5399257018453877
Qwen/Qwen3.5-9B,2,13,raw,0.46433685196925867
Qwen/Qwen3.5-9B,2,13,label_residualized,0.5229726480749929
Qwen/Qwen3.5-9B,2,14,raw,0.5935683476962303
Qwen/Qwen3.5-9B,2,14,label_residualized,0.4440779277327213
Qwen/Qwen3.5-9B,2,15,raw,0.6486838255107297
Qwen/Qwen3.5-9B,2,15,label_residualized,0.4928202543672968
Qwen/Qwen3.5-9B,2,16,raw,0.7905034014047415
Qwen/Qwen3.5-9B,2,16,label_residualized,0.5240040814277472
Qwen/Qwen3.5-9B,2,17,raw,0.7747655327373711
Qwen/Qwen3.5-9B,2,17,label_residualized,0.8088848895737271
Qwen/Qwen3.5-9B,2,18,raw,0.7399502540921823
Qwen/Qwen3.5-9B,2,18,label_residualized,0.9742923401361074
Qwen/Qwen3.5-9B,2,19,raw,0.7483870878315213
Qwen/Qwen3.5-9B,2,19,label_residualized,0.4888658599821805
Qwen/Qwen3.5-9B,3,0,raw,0.855849630772541
Qwen/Qwen3.5-9B,3,0,label_residualized,0.7703815975980071
Qwen/Qwen3.5-9B,3,1,raw,0.8992777290943956
Qwen/Qwen3.5-9B,3,1,label_residualized,0.7982647863624249
Qwen/Qwen3.5-9B,3,2,raw,0.7685545142324632
Qwen/Qwen3.5-9B,3,2,label_residualized,0.7678803343302163
Qwen/Qwen3.5-9B,3,3,raw,0.6609029661799423
Qwen/Qwen3.5-9B,3,3,label_residualized,0.7325023610003243
Qwen/Qwen3.5-9B,3,4,raw,0.8401933404146534
Qwen/Qwen3.5-9B,3,4,label_residualized,0.6475084928155992
Qwen/Qwen3.5-9B,3,5,raw,0.9198287667374163
Qwen/Qwen3.5-9B,3,5,label_residualized,0.8655596993298378
Qwen/Qwen3.5-9B,3,6,raw,0.7591563269647923
Qwen/Qwen3.5-9B,3,6,label_residualized,0.6710545057733469
Qwen/Qwen3.5-9B,3,7,raw,0.5762320810290514
Qwen/Qwen3.5-9B,3,7,label_residualized,0.47304939132148105
Qwen/Qwen3.5-9B,3,8,raw,0.7126045888627395
Qwen/Qwen3.5-9B,3,8,label_residualized,0.5134326672813863
Qwen/Qwen3.5-9B,3,9,raw,0.8922133523732435
Qwen/Qwen3.5-9B,3,9,label_residualized,0.6858575616511731
Qwen/Qwen3.5-9B,3,10,raw,0.9092828200962184
Qwen/Qwen3.5-9B,3,10,label_residualized,0.8132338359850861
Qwen/Qwen3.5-9B,3,11,raw,0.6445192622697221
Qwen/Qwen3.5-9B,3,11,label_residualized,0.47645345432905567
Qwen/Qwen3.5-9B,3,12,raw,0.83682321246234
Qwen/Qwen3.5-9B,3,12,label_residualized,0.6805984764352441
Qwen/Qwen3.5-9B,3,13,raw,0.7433939656569517
Qwen/Qwen3.5-9B,3,13,label_residualized,0.6014677296327413
Qwen/Qwen3.5-9B,3,14,raw,0.6492451044039805
Qwen/Qwen3.5-9B,3,14,label_residualized,0.5332870690317391
Qwen/Qwen3.5-9B,3,15,raw,0.4450162816568058
Qwen/Qwen3.5-9B,3,15,label_residualized,0.21755432660246138
Qwen/Qwen3.5-9B,3,16,raw,0.9242080756798863
Qwen/Qwen3.5-9B,3,16,label_residualized,0.860808777897063
Qwen/Qwen3.5-9B,3,17,raw,0.6134355325363129
Qwen/Qwen3.5-9B,3,17,label_residualized,0.49961999838176074
Qwen/Qwen3.5-9B,3,18,raw,0.5384728209588092
Qwen/Qwen3.5-9B,3,18,label_residualized,0.40094839388896153
Qwen/Qwen3.5-9B,3,19,raw,0.7900932638508309
Qwen/Qwen3.5-9B,3,19,label_residualized,0.5608763062746167
Qwen/Qwen3.5-9B,4,0,raw,0.8878292867586585
Qwen/Qwen3.5-9B,4,0,label_residualized,0.5968314505711112
Qwen/Qwen3.5-9B,4,1,raw,0.4757127923181579
Qwen/Qwen3.5-9B,4,1,label_residualized,0.686281970154976
Qwen/Qwen3.5-9B,4,2,raw,0.5310870528354169
Qwen/Qwen3.5-9B,4,2,label_residualized,0.5217240215501168
Qwen/Qwen3.5-9B,4,3,raw,0.9055254409721488
Qwen/Qwen3.5-9B,4,3,label_residualized,0.7024246607963793
Qwen/Qwen3.5-9B,4,4,raw,0.6407520909925404
Qwen/Qwen3.5-9B,4,4,label_residualized,0.46194718104002797
Qwen/Qwen3.5-9B,4,5,raw,0.550821907967214
Qwen/Qwen3.5-9B,4,5,label_residualized,0.33644257997965227
Qwen/Qwen3.5-9B,4,6,raw,0.5112948141604359
Qwen/Qwen3.5-9B,4,6,label_residualized,0.13176956385256053
Qwen/Qwen3.5-9B,4,7,raw,0.8810396038067485
Qwen/Qwen3.5-9B,4,7,label_residualized,0.6329562230414926
Qwen/Qwen3.5-9B,4,8,raw,0.5379160505444167
Qwen/Qwen3.5-9B,4,8,label_residualized,0.24022172539833342
Qwen/Qwen3.5-9B,4,9,raw,0.8670803931192685
Qwen/Qwen3.5-9B,4,9,label_residualized,0.603988993034694
Qwen/Qwen3.5-9B,4,10,raw,0.6807313663358489
Qwen/Qwen3.5-9B,4,10,label_residualized,0.3689659156318346
Qwen/Qwen3.5-9B,4,11,raw,0.7143330279751874
Qwen/Qwen3.5-9B,4,11,label_residualized,0.6340112695018794
Qwen/Qwen3.5-9B,4,12,raw,0.8232019287017955
Qwen/Qwen3.5-9B,4,12,label_residualized,0.6700803078227991
Qwen/Qwen3.5-9B,4,13,raw,0.8243335994845653
Qwen/Qwen3.5-9B,4,13,label_residualized,0.5175306560652204
Qwen/Qwen3.5-9B,4,14,raw,0.4963133232596648
Qwen/Qwen3.5-9B,4,14,label_residualized,0.36931775168653863
Qwen/Qwen3.5-9B,4,15,raw,0.47277035122137256
Qwen/Qwen3.5-9B,4,15,label_residualized,0.20094552597523882
Qwen/Qwen3.5-9B,4,16,raw,0.5180481232795532
Qwen/Qwen3.5-9B,4,16,label_residualized,0.31209416849144
Qwen/Qwen3.5-9B,4,17,raw,0.6182961150370287
Qwen/Qwen3.5-9B,4,17,label_residualized,0.44264191096373695
Qwen/Qwen3.5-9B,4,18,raw,0.803650126418153
Qwen/Qwen3.5-9B,4,18,label_residualized,0.42403862955119526
Qwen/Qwen3.5-9B,4,19,raw,0.603354070278782
Qwen/Qwen3.5-9B,4,19,label_residualized,0.29792918332614227
Qwen/Qwen3.5-9B,5,0,raw,0.9324924808840998
Qwen/Qwen3.5-9B,5,0,label_residualized,0.8903814185930914
Qwen/Qwen3.5-9B,5,1,raw,0.9455823878317556
Qwen/Qwen3.5-9B,5,1,label_residualized,0.909752105434295
Qwen/Qwen3.5-9B,5,2,raw,0.9107855777741198
Qwen/Qwen3.5-9B,5,2,label_residualized,0.8678752466210868
Qwen/Qwen3.5-9B,5,3,raw,0.9433142392744512
Qwen/Qwen3.5-9B,5,3,label_residualized,0.9301239671788549
Qwen/Qwen3.5-9B,5,4,raw,0.9168783860610014
Qwen/Qwen3.5-9B,5,4,label_residualized,0.8247817452580507
Qwen/Qwen3.5-9B,5,5,raw,0.8890685392825166
Qwen/Qwen3.5-9B,5,5,label_residualized,0.850227520014543
Qwen/Qwen3.5-9B,5,6,raw,0.735041409401251
Qwen/Qwen3.5-9B,5,6,label_residualized,0.5639463550705796
Qwen/Qwen3.5-9B,5,7,raw,0.9448817155667798
Qwen/Qwen3.5-9B,5,7,label_residualized,0.9268307922688003
Qwen/Qwen3.5-9B,5,8,raw,0.7509469290536825
Qwen/Qwen3.5-9B,5,8,label_residualized,0.6194712443855835
Qwen/Qwen3.5-9B,5,9,raw,0.8897896941439332
Qwen/Qwen3.5-9B,5,9,label_residualized,0.8663909200900899
Qwen/Qwen3.5-9B,5,10,raw,0.8974507328599912
Qwen/Qwen3.5-9B,5,10,label_residualized,0.8786816935763737
Qwen/Qwen3.5-9B,5,11,raw,0.5180479258326209
Qwen/Qwen3.5-9B,5,11,label_residualized,0.49763487840625426
Qwen/Qwen3.5-9B,5,12,raw,0.8928022952282986
Qwen/Qwen3.5-9B,5,12,label_residualized,0.808733657630149
Qwen/Qwen3.5-9B,5,13,raw,0.689309022057077
Qwen/Qwen3.5-9B,5,13,label_residualized,0.583642857258601
Qwen/Qwen3.5-9B,5,14,raw,0.9238244845051278
Qwen/Qwen3.5-9B,5,14,label_residualized,0.8983008394678283
Qwen/Qwen3.5-9B,5,15,raw,0.9347750676719502
Qwen/Qwen3.5-9B,5,15,label_residualized,0.9046757011005739
Qwen/Qwen3.5-9B,5,16,raw,0.9138958349446612
Qwen/Qwen3.5-9B,5,16,label_residualized,0.7330478771558584
Qwen/Qwen3.5-9B,5,17,raw,0.9241504213353815
Qwen/Qwen3.5-9B,5,17,label_residualized,0.9062012884609865
Qwen/Qwen3.5-9B,5,18,raw,0.4736809810235035
Qwen/Qwen3.5-9B,5,18,label_residualized,0.48702458917944597
Qwen/Qwen3.5-9B,5,19,raw,0.8569122266834579
Qwen/Qwen3.5-9B,5,19,label_residualized,0.6526942474160013
Qwen/Qwen3.5-9B,6,0,raw,0.5442455163453063
Qwen/Qwen3.5-9B,6,0,label_residualized,0.8206445932882092
Qwen/Qwen3.5-9B,6,1,raw,0.5595470057474103
Qwen/Qwen3.5-9B,6,1,label_residualized,0.6893493295214983
Qwen/Qwen3.5-9B,6,2,raw,0.8613120125155372
Qwen/Qwen3.5-9B,6,2,label_residualized,0.7147117305773434
Qwen/Qwen3.5-9B,6,3,raw,0.5159506970076664
Qwen/Qwen3.5-9B,6,3,label_residualized,0.6417839308307857
Qwen/Qwen3.5-9B,6,4,raw,0.7119129604736162
Qwen/Qwen3.5-9B,6,4,label_residualized,0.7010738002302656
Qwen/Qwen3.5-9B,6,5,raw,0.8202573020297134
Qwen/Qwen3.5-9B,6,5,label_residualized,0.5873646511698165
Qwen/Qwen3.5-9B,6,6,raw,0.558596551435884
Qwen/Qwen3.5-9B,6,6,label_residualized,0.7514460157767121
Qwen/Qwen3.5-9B,6,7,raw,0.4930291308490395
Qwen/Qwen3.5-9B,6,7,label_residualized,0.767398726630146
Qwen/Qwen3.5-9B,6,8,raw,0.6236366369680457
Qwen/Qwen3.5-9B,6,8,label_residualized,0.49488404347417003
Qwen/Qwen3.5-9B,6,9,raw,0.9284559674173787
Qwen/Qwen3.5-9B,6,9,label_residualized,0.8258610240564517
Qwen/Qwen3.5-9B,6,10,raw,0.9508189096197395
Qwen/Qwen3.5-9B,6,10,label_residualized,0.9184008388050269
Qwen/Qwen3.5-9B,6,11,raw,0.8772534244907999
Qwen/Qwen3.5-9B,6,11,label_residualized,0.7816802845906261
Qwen/Qwen3.5-9B,6,12,raw,0.508549930078634
Qwen/Qwen3.5-9B,6,12,label_residualized,0.6174559715887679
Qwen/Qwen3.5-9B,6,13,raw,0.5101708088564588
Qwen/Qwen3.5-9B,6,13,label_residualized,0.8061352018883932
Qwen/Qwen3.5-9B,6,14,raw,0.5399856970132472
Qwen/Qwen3.5-9B,6,14,label_residualized,0.83778232573715
Qwen/Qwen3.5-9B,6,15,raw,0.8201377100962285
Qwen/Qwen3.5-9B,6,15,label_residualized,0.6171189123993364
Qwen/Qwen3.5-9B,6,16,raw,0.6999703780038976
Qwen/Qwen3.5-9B,6,16,label_residualized,0.6248730329348322
Qwen/Qwen3.5-9B,6,17,raw,0.8761953731752327
Qwen/Qwen3.5-9B,6,17,label_residualized,0.5615544250175082
Qwen/Qwen3.5-9B,6,18,raw,0.484352903819993
Qwen/Qwen3.5-9B,6,18,label_residualized,0.685212207168586
Qwen/Qwen3.5-9B,6,19,raw,0.9432822001112409
Qwen/Qwen3.5-9B,6,19,label_residualized,0.7817839419484898
Qwen/Qwen3.5-9B,7,0,raw,0.8298053606439895
Qwen/Qwen3.5-9B,7,0,label_residualized,0.48945152847253726
Qwen/Qwen3.5-9B,7,1,raw,0.8985093407912035
Qwen/Qwen3.5-9B,7,1,label_residualized,0.7355311612603739
Qwen/Qwen3.5-9B,7,2,raw,0.947043061772442
Qwen/Qwen3.5-9B,7,2,label_residualized,0.9051492785579953
Qwen/Qwen3.5-9B,7,3,raw,0.8345427149029374
Qwen/Qwen3.5-9B,7,3,label_residualized,0.8674645962115284
Qwen/Qwen3.5-9B,7,4,raw,0.9339274821350807
Qwen/Qwen3.5-9B,7,4,label_residualized,0.8236786403300325
Qwen/Qwen3.5-9B,7,5,raw,0.9051547871076011
Qwen/Qwen3.5-9B,7,5,label_residualized,0.9354223520574018
Qwen/Qwen3.5-9B,7,6,raw,0.8789081965716252
Qwen/Qwen3.5-9B,7,6,label_residualized,0.7310029293030744
Qwen/Qwen3.5-9B,7,7,raw,0.81270691782492
Qwen/Qwen3.5-9B,7,7,label_residualized,0.7914925408800102
Qwen/Qwen3.5-9B,7,8,raw,0.5326994696793059
Qwen/Qwen3.5-9B,7,8,label_residualized,0.5450205274748076
Qwen/Qwen3.5-9B,7,9,raw,0.9510253056287017
Qwen/Qwen3.5-9B,7,9,label_residualized,0.9279172316624693
Qwen/Qwen3.5-9B,7,10,raw,0.959002254030054
Qwen/Qwen3.5-9B,7,10,label_residualized,0.9210635877221559
Qwen/Qwen3.5-9B,7,11,raw,0.9038862030436798
Qwen/Qwen3.5-9B,7,11,label_residualized,0.6942955138592904
Qwen/Qwen3.5-9B,7,12,raw,0.9548831282728976
Qwen/Qwen3.5-9B,7,12,label_residualized,0.8820519337935646
Qwen/Qwen3.5-9B,7,13,raw,0.9160619020223175
Qwen/Qwen3.5-9B,7,13,label_residualized,0.8210944868976724
Qwen/Qwen3.5-9B,7,14,raw,0.770734603845161
Qwen/Qwen3.5-9B,7,14,label_residualized,0.8883625365147868
Qwen/Qwen3.5-9B,7,15,raw,0.7538343195544872
Qwen/Qwen3.5-9B,7,15,label_residualized,0.9126594904103636
Qwen/Qwen3.5-9B,7,16,raw,0.9336069138045677
Qwen/Qwen3.5-9B,7,16,label_residualized,0.8938925990740794
Qwen/Qwen3.5-9B,7,17,raw,0.6755835197182003
Qwen/Qwen3.5-9B,7,17,label_residualized,0.6565510655223217
Qwen/Qwen3.5-9B,7,18,raw,0.8417755064705598
Qwen/Qwen3.5-9B,7,18,label_residualized,0.6399391692142787
Qwen/Qwen3.5-9B,7,19,raw,0.8909676055420089
Qwen/Qwen3.5-9B,7,19,label_residualized,0.5639085314485428
Qwen/Qwen3.5-9B,8,0,raw,0.5237893386672847
Qwen/Qwen3.5-9B,8,0,label_residualized,0.540143534369259
Qwen/Qwen3.5-9B,8,1,raw,0.39230493333919725
Qwen/Qwen3.5-9B,8,1,label_residualized,0.4525876211978518
Qwen/Qwen3.5-9B,8,2,raw,0.8528811903469069
Qwen/Qwen3.5-9B,8,2,label_residualized,0.920730824265934
Qwen/Qwen3.5-9B,8,3,raw,0.9576728889001035
Qwen/Qwen3.5-9B,8,3,label_residualized,0.9364935210606401
Qwen/Qwen3.5-9B,8,4,raw,0.8827555232776291
Qwen/Qwen3.5-9B,8,4,label_residualized,0.949906601979221
Qwen/Qwen3.5-9B,8,5,raw,0.8550444162047777
Qwen/Qwen3.5-9B,8,5,label_residualized,0.939860939448534
Qwen/Qwen3.5-9B,8,6,raw,0.011008700757840769
Qwen/Qwen3.5-9B,8,6,label_residualized,0.011060996054809598
Qwen/Qwen3.5-9B,8,7,raw,0.8281278488892672
Qwen/Qwen3.5-9B,8,7,label_residualized,0.9043256916623217
Qwen/Qwen3.5-9B,8,8,raw,0.8708480687696232
Qwen/Qwen3.5-9B,8,8,label_residualized,0.9589921772705381
Qwen/Qwen3.5-9B,8,9,raw,0.606760549497134
Qwen/Qwen3.5-9B,8,9,label_residualized,0.5026189761714075
Qwen/Qwen3.5-9B,8,10,raw,0.4639245385425356
Qwen/Qwen3.5-9B,8,10,label_residualized,0.47627836107442495
Qwen/Qwen3.5-9B,8,11,raw,0.8508535083266389
Qwen/Qwen3.5-9B,8,11,label_residualized,0.9399898426069084
Qwen/Qwen3.5-9B,8,12,raw,0.8504804355868745
Qwen/Qwen3.5-9B,8,12,label_residualized,0.9307544308597151
Qwen/Qwen3.5-9B,8,13,raw,0.5014181148467443
Qwen/Qwen3.5-9B,8,13,label_residualized,0.5055232809733424
Qwen/Qwen3.5-9B,8,14,raw,0.7947983674169032
Qwen/Qwen3.5-9B,8,14,label_residualized,0.7900477059876296
Qwen/Qwen3.5-9B,8,15,raw,0.61413508810066
Qwen/Qwen3.5-9B,8,15,label_residualized,0.5045862749409427
Qwen/Qwen3.5-9B,8,16,raw,0.5194956133663546
Qwen/Qwen3.5-9B,8,16,label_residualized,0.5232127376989377
Qwen/Qwen3.5-9B,8,17,raw,0.6081793067419825
Qwen/Qwen3.5-9B,8,17,label_residualized,0.5899374932516344
Qwen/Qwen3.5-9B,8,18,raw,0.6045568855970792
Qwen/Qwen3.5-9B,8,18,label_residualized,0.5011168181338711
Qwen/Qwen3.5-9B,8,19,raw,0.6207402048319555
Qwen/Qwen3.5-9B,8,19,label_residualized,0.5040639629917618
Qwen/Qwen3.5-9B,9,0,raw,0.8566801914003855
Qwen/Qwen3.5-9B,9,0,label_residualized,0.5264664110451959
Qwen/Qwen3.5-9B,9,1,raw,0.4566352218751893
Qwen/Qwen3.5-9B,9,1,label_residualized,0.4605689510137649
Qwen/Qwen3.5-9B,9,2,raw,0.9029262751848912
Qwen/Qwen3.5-9B,9,2,label_residualized,0.7390134420435139
Qwen/Qwen3.5-9B,9,3,raw,0.5616524269158232
Qwen/Qwen3.5-9B,9,3,label_residualized,0.4743744908584404
Qwen/Qwen3.5-9B,9,4,raw,0.49217976624292575
Qwen/Qwen3.5-9B,9,4,label_residualized,0.701076487051959
Qwen/Qwen3.5-9B,9,5,raw,0.7174603021222697
Qwen/Qwen3.5-9B,9,5,label_residualized,0.5880190366175893
Qwen/Qwen3.5-9B,9,6,raw,0.3950712823973092
Qwen/Qwen3.5-9B,9,6,label_residualized,0.5906368298202683
Qwen/Qwen3.5-9B,9,7,raw,0.6724511217081393
Qwen/Qwen3.5-9B,9,7,label_residualized,0.5025448527814427
Qwen/Qwen3.5-9B,9,8,raw,0.4860094319748726
Qwen/Qwen3.5-9B,9,8,label_residualized,0.478767094250912
Qwen/Qwen3.5-9B,9,9,raw,0.6722836031129303
Qwen/Qwen3.5-9B,9,9,label_residualized,0.43314304106779616
Qwen/Qwen3.5-9B,9,10,raw,0.5253286877416053
Qwen/Qwen3.5-9B,9,10,label_residualized,0.6694999663126754
Qwen/Qwen3.5-9B,9,11,raw,0.9020550911728691
Qwen/Qwen3.5-9B,9,11,label_residualized,0.6780495332702324
Qwen/Qwen3.5-9B,9,12,raw,0.5177145959063107
Qwen/Qwen3.5-9B,9,12,label_residualized,0.4126679953083365
Qwen/Qwen3.5-9B,9,13,raw,0.7686161074829346
Qwen/Qwen3.5-9B,9,13,label_residualized,0.4648803818398741
Qwen/Qwen3.5-9B,9,14,raw,0.8472406685357329
Qwen/Qwen3.5-9B,9,14,label_residualized,0.5953144397494008
Qwen/Qwen3.5-9B,9,15,raw,0.5276306246114519
Qwen/Qwen3.5-9B,9,15,label_residualized,0.5894470205888757
Qwen/Qwen3.5-9B,9,16,raw,0.8412015407180458
Qwen/Qwen3.5-9B,9,16,label_residualized,0.4570822972152275
Qwen/Qwen3.5-9B,9,17,raw,0.7511872257446128
Qwen/Qwen3.5-9B,9,17,label_residualized,0.4754324773756516
Qwen/Qwen3.5-9B,9,18,raw,0.5283510699148749
Qwen/Qwen3.5-9B,9,18,label_residualized,0.4724479455714181
Qwen/Qwen3.5-9B,9,19,raw,0.6738451866046513
Qwen/Qwen3.5-9B,9,19,label_residualized,0.7177268026027412
